PassengerID,Survived,Pclass,Sex,Age,sibsp,parch,Fare,Embarked
846,No,3,Male,42,0,0,7.55,S
747,No,3,Male,16,1,1,20.25,S
280,Yes,3,Female,35,1,1,20.25,S
309,No,2,Male,30,1,0,24,C
875,Yes,2,Female,28,1,0,24,C
366,No,3,Male,30,0,0,7.25,S
402,No,3,Male,26,0,0,8.05,S
41,No,3,Female,40,1,0,9.475,S
856,Yes,3,Female,18,0,1,9.35,S
208,Yes,3,Male,26,0,0,18.7875,C
811,No,3,Male,26,0,0,7.8875,S
841,No,3,Male,20,0,0,7.925,S
211,No,3,Male,24,0,0,7.05,S
785,No,3,Male,25,0,0,7.05,S
731,Yes,1,Female,29,0,0,211.3375,S
5,No,3,Male,35,0,0,8.05,S
306,Yes,1,Male,0.92,1,2,151.55,S
298,No,1,Female,2,1,2,151.55,S
499,No,1,Female,25,1,2,151.55,S
835,No,3,Male,18,0,0,8.3,S
193,Yes,3,Female,19,1,0,7.8542,S
461,Yes,1,Male,48,0,0,26.55,S
851,No,3,Male,4,4,2,31.275,S
814,No,3,Female,6,4,2,31.275,S
120,No,3,Female,2,4,2,31.275,S
69,Yes,3,Female,17,4,2,7.925,S
542,No,3,Female,9,4,2,31.275,S
543,No,3,Female,11,4,2,31.275,S
14,No,3,Male,39,1,5,31.275,S
147,Yes,3,Male,27,0,0,7.7958,S
611,No,3,Female,39,1,5,31.275,S
92,No,3,Male,20,0,0,7.8542,S
145,No,2,Male,18,0,0,11.5,S
276,Yes,1,Female,63,1,0,77.9583,S
807,No,1,Male,39,0,0,0,S
519,Yes,2,Female,36,1,0,26,S
572,Yes,1,Female,53,2,0,51.4792,S
354,No,3,Male,25,1,0,17.8,S
50,No,3,Female,18,1,0,17.8,S
494,No,1,Male,71,0,0,49.5042,C
364,No,3,Male,35,0,0,7.05,S
183,No,3,Male,9,4,2,31.3875,S
262,Yes,3,Male,3,4,2,31.3875,S
234,Yes,3,Female,5,4,2,31.3875,S
26,Yes,3,Female,38,1,5,31.3875,S
701,Yes,1,Female,18,1,0,227.525,C
115,No,3,Female,17,0,0,14.4583,C
245,No,3,Male,30,0,0,7.225,C
370,Yes,1,Female,24,0,0,69.3,C
834,No,3,Male,23,0,0,7.8542,S
781,Yes,3,Female,13,0,0,7.2292,C
207,No,3,Male,32,1,0,15.85,S
86,Yes,3,Female,33,3,0,15.85,S
645,Yes,3,Female,0.75,2,1,19.2583,C
470,Yes,3,Female,0.75,2,1,19.2583,C
449,Yes,3,Female,5,2,1,19.2583,C
859,Yes,3,Female,24,0,3,19.2583,C
662,No,3,Male,40,0,0,7.225,C
758,No,2,Male,18,0,0,11.5,S
871,No,3,Male,26,0,0,7.8958,S
328,Yes,2,Female,36,0,0,13,S
884,No,2,Male,28,0,0,10.5,S
763,Yes,3,Male,20,0,0,7.2292,C
703,No,3,Female,18,0,1,14.4542,C
363,No,3,Female,45,0,1,14.4542,C
291,Yes,1,Female,26,0,0,78.85,S
631,Yes,1,Male,80,0,0,30,S
113,No,3,Male,22,0,0,8.05,S
151,No,2,Male,51,0,0,12.525,S
169,No,1,Male,,0,0,25.925,S
119,No,1,Male,24,0,1,247.5208,C
300,Yes,1,Female,50,0,1,247.5208,C
219,Yes,1,Female,32,0,0,76.2917,C
544,Yes,2,Male,32,1,0,26,S
547,Yes,2,Female,19,1,0,26,S
373,No,3,Male,19,0,0,8.05,S
184,Yes,2,Male,1,2,1,39,S
619,Yes,2,Female,4,2,1,39,S
249,Yes,1,Male,37,1,1,52.5542,S
872,Yes,1,Female,47,1,1,52.5542,S
22,Yes,2,Male,34,0,0,13,S
890,Yes,1,Male,26,0,0,30,C
163,No,3,Male,26,0,0,7.775,S
226,No,3,Male,22,0,0,9.35,S
734,No,2,Male,23,0,0,13,S
379,No,3,Male,20,0,0,4.0125,C
381,Yes,1,Female,42,0,0,227.525,C
75,Yes,3,Male,32,0,0,56.4958,S
409,No,3,Male,21,0,0,7.775,S
485,Yes,1,Male,25,1,0,91.0792,C
292,Yes,1,Female,19,1,0,91.0792,C
270,Yes,1,Female,35,0,0,135.6333,S
431,Yes,1,Male,28,0,0,26.55,S
340,No,1,Male,45,0,0,35.5,S
210,Yes,1,Male,40,0,0,31,C
12,Yes,1,Female,58,0,0,26.55,S
629,No,3,Male,26,0,0,7.8958,S
853,No,3,Female,9,1,1,15.2458,C
599,No,3,Male,,0,0,7.225,C
141,No,3,Female,,0,2,15.2458,C
594,No,3,Female,,0,2,7.75,Q
189,No,3,Male,40,1,1,15.5,Q
658,No,3,Female,32,1,1,15.5,Q
625,No,3,Male,21,0,0,16.1,S
357,Yes,1,Female,22,0,1,55,S
222,No,2,Male,27,0,0,13,S
508,Yes,1,Male,,0,0,26.55,S
478,No,3,Male,29,1,0,7.0458,S
1,No,3,Male,22,1,0,7.25,S
767,No,1,Male,,0,0,39.6,C
615,No,3,Male,35,0,0,8.05,S
346,Yes,2,Female,24,0,0,13,S
685,No,2,Male,60,1,1,39,S
195,Yes,1,Female,44,0,0,27.7208,C
671,Yes,2,Female,40,1,1,39,S
729,No,2,Male,25,1,0,26,S
144,No,3,Male,19,0,0,6.75,Q
338,Yes,1,Female,41,0,0,134.5,C
388,Yes,2,Female,36,0,0,13,S
667,No,2,Male,25,0,0,13,S
537,No,1,Male,45,0,0,26.55,S
150,No,2,Male,42,0,0,13,S
866,Yes,2,Female,42,0,0,13,S
535,No,3,Female,30,0,0,8.6625,S
472,No,3,Male,38,0,0,8.6625,S
271,No,1,Male,,0,0,31,S
708,Yes,1,Male,42,0,0,26.2875,S
79,Yes,2,Male,0.83,0,2,29,S
324,Yes,2,Female,22,1,1,29,S
164,No,3,Male,17,0,0,8.6625,S
501,No,3,Male,17,0,0,8.6625,S
212,Yes,2,Female,35,0,0,21,S
467,No,2,Male,,0,0,0,S
502,No,3,Female,21,0,0,7.75,Q
38,No,3,Male,21,0,0,8.05,S
579,No,3,Female,,1,0,14.4583,C
192,No,2,Male,19,0,0,13,S
680,Yes,1,Male,36,0,1,512.3292,C
757,No,3,Male,28,0,0,7.7958,S
873,No,1,Male,33,0,0,5,S
209,Yes,3,Female,16,0,0,7.75,Q
84,No,1,Male,28,0,0,47.1,S
803,Yes,1,Male,11,1,2,120,S
436,Yes,1,Female,14,1,2,120,S
391,Yes,1,Male,36,1,2,120,S
855,No,2,Female,44,1,0,26,S
764,Yes,1,Female,36,1,2,120,S
250,No,2,Male,54,1,0,26,S
742,No,1,Male,36,1,0,78.85,S
90,No,3,Male,24,0,0,8.05,S
93,No,1,Male,46,1,0,61.175,S
725,Yes,1,Male,27,1,0,53.1,S
810,Yes,1,Female,33,1,0,53.1,S
696,No,2,Male,52,0,0,13.5,S
595,No,2,Male,37,1,0,26,S
422,No,3,Male,21,0,0,7.7333,Q
258,Yes,1,Female,30,0,0,86.5,S
167,Yes,1,Female,,0,1,55,S
839,Yes,3,Male,32,0,0,56.4958,S
91,No,3,Male,29,0,0,8.05,S
581,Yes,2,Female,25,1,1,30,S
74,No,3,Male,26,1,0,14.4542,C
427,Yes,2,Female,28,1,0,26,S
709,Yes,1,Female,22,0,0,151.55,S
476,No,1,Male,,0,0,52,S
132,No,3,Male,20,0,0,7.05,S
205,Yes,3,Male,18,0,0,8.05,S
664,No,3,Male,36,0,0,7.4958,S
515,No,3,Male,24,0,0,7.4958,S
243,No,2,Male,29,0,0,10.5,S
343,No,2,Male,28,0,0,13,S
663,No,1,Male,47,0,0,25.5875,S
238,Yes,2,Female,8,0,2,26.25,S
638,No,2,Male,31,1,1,26.25,S
802,Yes,2,Female,31,1,1,26.25,S
836,Yes,1,Female,39,1,1,83.1583,C
750,No,3,Male,31,0,0,7.75,Q
290,Yes,3,Female,22,0,0,7.75,Q
117,No,3,Male,70.5,0,0,7.75,Q
669,No,3,Male,43,0,0,8.05,S
647,No,3,Male,19,0,0,7.8958,S
158,No,3,Male,30,0,0,8.05,S
490,Yes,3,Male,9,1,1,15.9,S
349,Yes,3,Male,3,1,1,15.9,S
95,No,3,Male,59,0,0,7.25,S
68,No,3,Male,19,0,0,8.1583,S
161,No,3,Male,44,0,1,16.1,S
746,No,1,Male,70,1,1,71,S
541,Yes,1,Female,36,0,2,71,S
845,No,3,Male,17,0,0,8.6625,S
2,Yes,1,Female,38,1,0,71.2833,C
414,No,2,Male,,0,0,0,S
339,Yes,3,Male,45,0,0,8.05,S
883,No,3,Female,22,0,0,10.5167,S
688,No,3,Male,19,0,0,10.1708,S
511,Yes,3,Male,29,0,0,7.75,Q
858,Yes,1,Male,51,0,0,26.55,S
617,No,3,Male,34,1,1,14.4,S
424,No,3,Female,28,1,1,14.4,S
608,Yes,1,Male,27,0,0,30.5,S
322,No,3,Male,27,0,0,7.8958,S
795,No,3,Male,25,0,0,7.8958,S
672,No,1,Male,31,1,0,52,S
550,Yes,2,Male,8,1,1,36.75,S
566,No,3,Male,24,2,0,24.15,S
386,No,2,Male,18,0,0,73.5,S
636,Yes,2,Female,28,0,0,13,S
348,Yes,3,Female,,1,0,16.1,S
560,Yes,3,Female,36,1,0,17.4,S
287,Yes,3,Male,30,0,0,9.5,S
283,No,3,Male,16,0,0,9.5,S
789,Yes,3,Male,1,1,2,20.575,S
94,No,3,Male,26,1,2,20.575,S
362,No,2,Male,29,1,0,27.7208,C
336,No,3,Male,,0,0,7.8958,S
321,No,3,Male,22,0,0,7.25,S
45,Yes,3,Female,19,0,0,7.8792,Q
691,Yes,1,Male,31,1,0,57,S
782,Yes,1,Female,17,1,0,57,S
350,No,3,Male,42,0,0,8.6625,S
446,Yes,1,Male,4,0,2,81.8583,S
569,No,3,Male,,0,0,7.2292,C
652,Yes,2,Female,18,0,1,23,S
99,Yes,2,Female,34,0,1,23,S
891,No,3,Male,32,0,0,7.75,Q
284,Yes,3,Male,19,0,0,8.05,S
545,No,1,Male,50,1,0,106.425,C
80,Yes,3,Female,30,0,0,12.475,S
583,No,2,Male,54,0,0,26,S
131,No,3,Male,33,0,0,7.8958,C
417,Yes,2,Female,34,1,1,32.5,S
281,No,3,Male,65,0,0,7.75,Q
557,Yes,1,Female,48,1,0,39.6,C
600,Yes,1,Male,49,1,0,56.9292,C
867,Yes,2,Female,27,1,0,13.8583,C
676,No,3,Male,18,0,0,7.775,S
659,No,2,Male,23,0,0,13,S
765,No,3,Male,16,0,0,7.775,S
130,No,3,Male,45,0,0,6.975,S
774,No,3,Male,,0,0,7.225,C
533,No,3,Male,17,1,1,7.2292,C
353,No,3,Male,15,1,1,7.2292,C
593,No,3,Male,47,0,0,7.25,S
778,Yes,3,Female,5,0,0,12.475,S
27,No,3,Male,,0,0,7.225,C
717,Yes,1,Female,38,0,0,227.525,C
497,Yes,1,Female,54,1,0,78.2667,C
229,No,2,Male,18,0,0,13,S
526,No,3,Male,40.5,0,0,7.75,Q
528,No,1,Male,,0,0,221.7792,S
54,Yes,2,Female,29,1,0,26,S
689,No,3,Male,18,0,0,7.7958,S
307,Yes,1,Female,,0,0,110.8833,C
429,No,3,Male,,0,0,7.75,Q
826,No,3,Male,,0,0,6.95,Q
573,Yes,1,Male,36,0,0,26.3875,S
644,Yes,3,Male,,0,0,56.4958,S
437,No,3,Female,21,2,2,34.375,S
148,No,3,Female,9,2,2,34.375,S
87,No,3,Male,16,1,3,34.375,S
737,No,3,Female,48,1,3,34.375,S
453,No,1,Male,30,0,0,27.75,C
342,Yes,1,Female,24,3,2,263,S
89,Yes,1,Female,23,3,2,263,S
28,No,1,Male,19,3,2,263,S
439,No,1,Male,64,1,4,263,S
345,No,2,Male,36,0,0,13,S
310,Yes,1,Female,30,0,0,56.9292,C
661,Yes,1,Male,50,2,0,133.65,S
335,Yes,1,Female,,1,0,133.65,S
540,Yes,1,Female,22,0,2,49.5,C
588,Yes,1,Male,60,1,1,79.2,C
482,No,2,Male,,0,0,0,S
816,No,1,Male,,0,0,0,S
358,No,2,Female,38,0,0,13,S
138,No,1,Male,37,1,0,53.1,S
4,Yes,1,Female,35,1,0,53.1,S
21,No,2,Male,35,0,0,26,S
406,No,2,Male,34,1,0,21,S
704,No,3,Male,25,0,0,7.7417,Q
761,No,3,Male,,0,0,14.5,S
577,Yes,2,Female,34,0,0,13,S
792,No,2,Male,16,0,0,26,S
620,No,2,Male,26,0,0,10.5,S
463,No,1,Male,47,0,0,38.5,S
421,No,3,Male,,0,0,7.8958,C
140,No,1,Male,24,0,0,79.2,C
862,No,2,Male,21,1,0,11.5,S
589,No,3,Male,22,0,0,8.05,S
865,No,2,Male,24,0,0,13,S
723,No,2,Male,34,0,0,13,S
157,Yes,3,Female,16,0,0,7.7333,Q
214,No,2,Male,30,0,0,13,S
33,Yes,3,Female,,0,0,7.75,Q
454,Yes,1,Male,49,1,0,89.1042,C
850,Yes,1,Female,,1,0,89.1042,C
97,No,1,Male,71,0,0,34.6542,C
166,Yes,3,Male,9,0,2,20.525,S
549,No,3,Male,33,1,1,20.525,S
329,Yes,3,Female,31,1,1,20.525,S
466,No,3,Male,38,0,0,7.05,S
481,No,3,Male,9,5,2,46.9,S
387,No,3,Male,1,5,2,46.9,S
60,No,3,Male,11,5,2,46.9,S
72,No,3,Female,16,5,2,46.9,S
684,No,3,Male,14,5,2,46.9,S
679,No,3,Female,43,1,6,46.9,S
888,Yes,1,Female,19,0,0,30,S
333,No,1,Male,38,0,1,153.4625,S
269,Yes,1,Female,58,0,1,153.4625,S
223,No,3,Male,51,0,0,8.05,S
715,No,2,Male,52,0,0,13,S
98,Yes,1,Male,23,0,1,63.3583,C
770,No,3,Male,32,0,0,8.3625,S
790,No,1,Male,46,0,0,79.2,C
877,No,3,Male,20,0,0,9.8458,S
105,No,3,Male,37,2,0,7.925,S
393,No,3,Male,28,2,0,7.925,S
380,No,3,Male,19,0,0,7.775,S
294,No,3,Female,24,0,0,8.85,S
452,No,3,Male,,1,0,19.9667,S
491,No,3,Male,,1,0,19.9667,S
404,No,3,Male,28,1,0,15.85,S
143,Yes,3,Female,24,1,0,15.85,S
179,No,2,Male,30,0,0,13,S
756,Yes,2,Male,0.67,1,1,14.5,S
248,Yes,2,Female,24,0,2,14.5,S
442,No,3,Male,20,0,0,9.5,S
297,No,3,Male,23.5,0,0,7.2292,C
861,No,3,Male,41,2,0,14.1083,S
705,No,3,Male,26,1,0,7.8542,S
624,No,3,Male,21,0,0,7.8542,S
371,Yes,1,Male,25,1,0,55.4417,C
236,No,3,Female,,0,0,7.55,S
786,No,3,Male,25,0,0,7.25,S
721,Yes,2,Female,6,0,1,33,S
646,Yes,1,Male,48,1,0,76.7292,C
53,Yes,1,Female,49,1,0,76.7292,C
849,No,2,Male,28,0,1,33,S
603,No,1,Male,,0,0,42.4,S
571,Yes,2,Male,62,0,0,10.5,S
63,No,1,Male,45,1,0,83.475,S
220,No,2,Male,30,0,0,10.5,S
231,Yes,1,Female,35,1,0,83.475,S
264,No,1,Male,40,0,0,0,S
536,Yes,2,Female,7,0,2,26.25,S
315,No,2,Male,43,1,1,26.25,S
412,No,3,Male,,0,0,6.8583,Q
441,Yes,2,Female,45,1,1,26.25,S
682,Yes,1,Male,27,0,0,76.7292,C
732,No,3,Male,11,0,0,18.7875,C
741,Yes,1,Male,,0,0,30,S
311,Yes,1,Female,24,0,0,83.1583,C
821,Yes,1,Female,52,1,1,93.5,S
275,Yes,3,Female,,0,0,7.75,Q
805,Yes,3,Male,27,0,0,6.975,S
655,No,3,Female,18,0,0,6.75,Q
3,Yes,3,Female,26,0,0,7.925,S
817,No,3,Female,23,0,0,7.925,S
314,No,3,Male,28,0,0,7.8958,S
265,No,3,Female,,0,0,7.75,Q
616,Yes,2,Female,24,1,2,65,S
755,Yes,2,Female,48,1,2,65,S
16,Yes,2,Female,55,0,0,16,S
656,No,2,Male,24,2,0,73.5,S
666,No,2,Male,32,2,0,73.5,S
121,No,2,Male,21,2,0,73.5,S
330,Yes,1,Female,16,0,1,57.9792,C
524,Yes,1,Female,44,0,1,57.9792,C
480,Yes,3,Female,2,0,1,12.2875,S
530,No,2,Male,23,2,1,11.5,S
775,Yes,2,Female,54,1,3,23,S
724,No,2,Male,50,0,0,13,S
766,Yes,1,Female,51,1,0,77.9583,S
237,No,2,Male,44,1,0,26,S
819,No,3,Male,43,0,0,6.45,S
36,No,1,Male,42,1,0,52,S
384,Yes,1,Female,35,1,0,52,S
605,Yes,1,Male,35,0,0,26.55,C
217,Yes,3,Female,27,0,0,7.925,S
73,No,2,Male,21,0,0,73.5,S
614,No,3,Male,,0,0,7.75,Q
289,Yes,2,Male,42,0,0,13,S
225,Yes,1,Male,38,1,0,90,S
794,No,1,Male,,0,0,30.6958,C
487,Yes,1,Female,35,1,0,90,S
700,No,3,Male,42,0,0,7.65,S
240,No,2,Male,33,0,0,12.275,S
799,No,3,Male,30,0,0,7.2292,C
62,Yes,1,Female,38,0,0,80,
85,Yes,2,Female,17,0,0,10.5,S
730,No,3,Female,25,1,0,7.925,S
178,No,1,Female,50,0,0,28.7125,C
739,No,3,Male,,0,0,7.8958,S
218,No,2,Male,42,1,0,27,S
601,Yes,2,Female,24,2,1,27,S
456,Yes,3,Male,29,0,0,7.8958,C
392,Yes,3,Male,21,0,0,7.7958,S
612,No,3,Male,,0,0,7.05,S
587,No,2,Male,47,0,0,15,S
71,No,2,Male,32,0,0,10.5,S
641,No,3,Male,20,0,0,7.8542,S
772,No,3,Male,48,0,0,7.8542,S
722,No,3,Male,17,1,0,7.0542,S
369,Yes,3,Female,,0,0,7.75,Q
474,Yes,2,Female,23,0,0,13.7917,C
445,Yes,3,Male,,0,0,8.1125,S
203,No,3,Male,34,0,0,6.4958,S
396,No,3,Male,22,0,0,7.7958,S
104,No,3,Male,33,0,0,8.6542,S
806,No,3,Male,31,0,0,7.775,S
870,Yes,3,Male,4,1,1,11.1333,S
173,Yes,3,Female,1,1,1,11.1333,S
598,No,3,Male,49,0,0,0,S
720,No,3,Male,33,0,0,7.775,S
303,No,3,Male,19,0,0,0,S
9,Yes,3,Female,27,0,2,11.1333,S
889,No,3,Female,,1,2,23.45,S
784,No,3,Male,,1,2,23.45,S
754,No,3,Male,23,0,0,7.8958,S
570,Yes,3,Male,32,0,0,7.8542,S
114,No,3,Female,20,1,0,9.825,S
403,No,3,Female,21,1,0,9.825,S
580,Yes,3,Male,32,0,0,7.925,S
434,No,3,Male,17,0,0,7.125,S
653,No,3,Male,21,0,0,8.4333,S
100,No,2,Male,34,1,0,26,S
317,Yes,2,Female,24,1,0,26,S
607,No,3,Male,30,0,0,7.8958,S
479,No,3,Male,22,0,0,7.5208,S
692,Yes,3,Female,4,0,1,13.4167,C
525,No,3,Male,,0,0,7.2292,C
304,Yes,2,Female,,0,0,12.35,Q
791,No,3,Male,,0,0,7.75,Q
471,No,3,Male,,0,0,7.25,S
301,Yes,3,Female,,0,0,7.75,Q
574,Yes,3,Female,,0,0,7.75,Q
697,No,3,Male,44,0,0,8.05,S
707,Yes,2,Female,45,0,0,13.5,S
488,No,1,Male,58,0,0,29.7,C
458,Yes,1,Female,,1,0,51.8625,S
215,No,3,Male,,1,0,7.75,Q
779,No,3,Male,,0,0,7.7375,Q
622,Yes,1,Male,42,1,0,52.5542,S
70,No,3,Male,26,2,0,8.6625,S
185,Yes,3,Female,4,0,2,22.025,S
627,No,2,Male,57,0,0,12.35,Q
712,No,1,Male,,0,0,26.55,S
176,No,3,Male,18,1,1,7.8542,S
733,No,2,Male,,0,0,0,S
43,No,3,Male,,0,0,7.8958,C
440,No,2,Male,31,0,0,10.5,S
523,No,3,Male,,0,0,7.225,C
313,No,2,Female,26,1,1,26,S
504,No,3,Female,37,0,0,9.5875,S
879,No,3,Male,,0,0,7.8958,S
693,Yes,3,Male,,0,0,56.4958,S
827,No,3,Male,,0,0,56.4958,S
377,Yes,3,Female,22,0,0,7.25,S
510,Yes,3,Male,26,0,0,56.4958,S
44,Yes,2,Female,3,1,2,41.5792,C
686,No,2,Male,25,1,2,41.5792,C
609,Yes,2,Female,22,1,2,41.5792,C
714,No,3,Male,29,0,0,9.4833,S
232,No,3,Male,29,0,0,7.775,S
797,Yes,1,Female,49,0,0,25.9292,S
554,Yes,3,Male,22,0,0,7.225,C
177,No,3,Male,,3,1,25.4667,S
410,No,3,Female,,3,1,25.4667,S
486,No,3,Female,,3,1,25.4667,S
230,No,3,Female,,3,1,25.4667,S
390,Yes,2,Female,17,0,0,12,C
637,No,3,Male,32,0,0,7.925,S
597,Yes,2,Female,,0,0,33,S
844,No,3,Male,34.5,0,0,6.4375,C
517,Yes,2,Female,34,0,0,10.5,S
47,No,3,Male,,1,0,15.5,Q
180,No,3,Male,36,0,0,0,S
538,Yes,1,Female,30,0,0,106.425,C
812,No,3,Male,39,0,0,24.15,S
738,Yes,1,Male,35,0,0,512.3292,C
293,No,2,Male,36,0,0,12.875,C
296,No,1,Male,,0,0,27.7208,C
235,No,2,Male,24,0,0,10.5,S
771,No,3,Male,24,0,0,9.5,S
247,No,3,Female,25,0,0,7.775,S
277,No,3,Female,45,0,0,7.75,S
606,No,3,Male,36,1,0,15.55,S
665,Yes,3,Male,20,1,0,7.925,S
854,Yes,1,Female,16,0,1,39.4,S
170,No,3,Male,28,0,0,56.4958,S
254,No,3,Male,30,1,0,16.1,S
618,No,3,Female,26,1,0,16.1,S
783,No,1,Male,29,0,0,30,S
628,Yes,1,Female,21,0,0,77.9583,S
433,Yes,2,Female,42,1,0,26,S
228,No,3,Male,20.5,0,0,7.25,S
822,Yes,3,Male,27,0,0,8.6625,S
632,No,3,Male,51,0,0,7.0542,S
196,Yes,1,Female,58,0,0,146.5208,C
773,No,2,Female,57,0,0,10.5,S
199,Yes,3,Female,,0,0,7.75,Q
690,Yes,1,Female,15,0,1,211.3375,S
128,Yes,3,Male,24,0,0,7.1417,S
244,No,3,Male,22,0,0,7.125,S
505,Yes,1,Female,16,0,0,86.5,S
465,No,3,Male,,0,0,8.05,S
828,Yes,2,Male,1,0,2,37.0042,C
818,No,2,Male,31,1,1,37.0042,C
37,Yes,3,Male,,0,0,7.2292,C
768,No,3,Female,30.5,0,0,7.75,Q
728,Yes,3,Female,,0,0,7.7375,Q
840,Yes,1,Male,,0,0,29.7,C
848,No,3,Male,35,0,0,7.8958,C
882,No,3,Male,33,0,0,7.8958,S
749,No,1,Male,19,1,0,53.1,S
20,Yes,3,Female,,0,0,7.225,C
419,No,2,Male,30,0,0,13,S
711,Yes,1,Female,24,0,0,49.5042,C
7,No,1,Male,54,0,0,51.8625,S
829,Yes,3,Male,,0,0,7.75,Q
331,Yes,3,Female,,2,0,23.25,Q
302,Yes,3,Male,,2,0,23.25,Q
83,Yes,3,Female,,0,0,7.7875,Q
719,No,3,Male,,0,0,15.5,Q
513,Yes,1,Male,36,0,0,26.2875,S
359,Yes,3,Female,,0,0,7.8792,Q
23,Yes,3,Female,15,0,0,8.0292,Q
398,No,2,Male,46,0,0,26,S
127,No,3,Male,,0,0,7.75,Q
744,No,3,Male,24,1,0,16.1,S
565,No,3,Female,,0,0,8.05,S
416,No,3,Female,,0,0,8.05,S
447,Yes,2,Female,13,0,1,19.5,S
273,Yes,2,Female,41,0,1,19.5,S
227,Yes,2,Male,19,0,0,10.5,S
153,No,3,Male,55.5,0,0,8.05,S
197,No,3,Male,,0,0,7.75,Q
809,No,2,Male,39,0,0,13,S
35,No,1,Male,28,1,0,82.1708,C
376,Yes,1,Female,,1,0,82.1708,C
457,No,1,Male,65,0,0,26.55,S
464,No,2,Male,48,0,0,13,S
246,No,1,Male,44,2,0,90,Q
413,Yes,1,Female,33,1,0,90,Q
295,No,3,Male,24,0,0,7.8958,S
106,No,3,Male,28,0,0,7.8958,S
673,No,2,Male,70,0,0,10.5,S
651,No,3,Male,,0,0,7.8958,S
360,Yes,3,Female,,0,0,7.8792,Q
76,No,3,Male,25,0,0,7.65,S
493,No,1,Male,55,0,0,30.5,S
887,No,2,Male,27,0,0,13,S
752,Yes,3,Male,6,0,1,12.475,S
824,Yes,3,Female,27,0,1,12.475,S
122,No,3,Male,,0,0,8.05,S
110,Yes,3,Female,,1,0,24.15,Q
769,No,3,Male,,1,0,24.15,Q
6,No,3,Male,,0,0,8.4583,Q
318,No,2,Male,54,0,0,14,S
706,No,2,Male,39,0,0,26,S
462,No,3,Male,34,0,0,8.05,S
561,No,3,Male,,0,0,7.75,Q
108,Yes,3,Male,,0,0,7.775,S
66,Yes,3,Male,,1,1,15.2458,C
710,Yes,3,Male,,1,1,15.2458,C
368,Yes,3,Female,,0,0,7.2292,C
78,No,3,Male,,0,0,8.05,S
842,No,2,Male,16,0,0,10.5,S
698,Yes,3,Female,,0,0,7.7333,Q
590,No,3,Male,,0,0,8.05,S
242,Yes,3,Female,,1,0,15.5,Q
613,Yes,3,Female,,1,0,15.5,Q
776,No,3,Male,18,0,0,7.75,S
288,No,3,Male,22,0,0,7.8958,S
876,Yes,3,Female,15,0,0,7.225,C
382,Yes,3,Female,1,0,2,15.7417,C
623,Yes,3,Male,20,1,1,15.7417,C
740,No,3,Male,,0,0,7.8958,S
123,No,2,Male,32.5,1,0,30.0708,C
10,Yes,2,Female,14,1,0,30.0708,C
274,No,1,Male,37,0,1,29.7,C
341,Yes,2,Male,2,1,1,26,S
194,Yes,2,Male,3,1,1,26,S
149,No,2,Male,36.5,0,2,26,S
224,No,3,Male,,0,0,7.8958,S
216,Yes,1,Female,31,1,0,113.275,C
394,Yes,1,Female,23,1,0,113.275,C
660,No,1,Male,58,0,2,113.275,C
137,Yes,1,Female,19,0,2,26.2833,S
146,No,2,Male,19,1,1,36.75,S
546,No,1,Male,64,0,0,26,S
126,Yes,3,Male,12,1,0,11.2417,C
40,Yes,3,Female,14,1,0,11.2417,C
316,Yes,3,Female,26,0,0,7.8542,S
762,No,3,Male,41,0,0,7.125,S
401,Yes,3,Male,39,0,0,7.925,S
563,No,2,Male,28,0,0,13.5,S
52,No,3,Male,21,0,0,7.8,S
58,No,3,Male,28.5,0,0,7.2292,C
67,Yes,2,Female,29,0,0,10.5,S
142,Yes,3,Female,22,0,0,7.75,S
327,No,3,Male,61,0,0,6.2375,S
365,No,3,Male,,1,0,15.5,Q
553,No,3,Male,,0,0,7.8292,Q
187,Yes,3,Female,,1,0,15.5,Q
630,No,3,Male,,0,0,7.7333,Q
460,No,3,Male,,0,0,7.75,Q
351,No,3,Male,23,0,0,9.225,S
48,Yes,3,Female,,0,0,7.75,Q
29,Yes,3,Female,,0,0,7.8792,Q
555,Yes,3,Female,22,0,0,7.775,S
654,Yes,3,Female,,0,0,7.8292,Q
509,No,3,Male,28,0,0,22.525,S
198,No,3,Male,42,0,1,8.4042,S
155,No,3,Male,,0,0,7.3125,S
397,No,3,Female,31,0,0,7.8542,S
282,No,3,Male,28,0,0,7.8542,S
683,No,3,Male,20,0,0,9.225,S
405,No,3,Female,20,0,0,8.6625,S
726,No,3,Male,20,0,0,8.6625,S
139,No,3,Male,16,0,0,9.2167,S
798,Yes,3,Female,31,0,0,8.6833,S
55,No,1,Male,65,0,1,61.9792,C
503,No,3,Female,,0,0,7.6292,Q
796,No,2,Male,39,0,0,13,S
548,Yes,2,Male,,0,0,13.8625,C
399,No,2,Male,23,0,0,10.5,S
8,No,3,Male,2,3,1,21.075,S
375,No,3,Female,3,3,1,21.075,S
25,No,3,Female,8,3,1,21.075,S
568,No,3,Female,29,0,4,21.075,S
165,No,3,Male,1,4,1,39.6875,S
51,No,3,Male,7,4,1,39.6875,S
825,No,3,Male,2,4,1,39.6875,S
267,No,3,Male,16,4,1,39.6875,S
687,No,3,Male,14,4,1,39.6875,S
639,No,3,Female,41,0,5,39.6875,S
278,No,2,Male,,0,0,0,S
634,No,1,Male,,0,0,0,S
260,Yes,2,Female,50,0,1,26,S
332,No,1,Male,45.5,0,0,28.5,S
837,No,3,Male,21,0,0,8.6625,S
576,No,3,Male,19,0,0,14.5,S
585,No,3,Male,,0,0,8.7125,C
520,No,3,Male,32,0,0,7.8958,S
337,No,1,Male,29,1,0,66.6,S
152,Yes,1,Female,22,1,0,66.6,S
455,No,3,Male,,0,0,8.05,S
116,No,3,Male,21,0,0,7.925,S
506,No,1,Male,18,1,0,108.9,C
308,Yes,1,Female,17,1,0,108.9,C
239,No,2,Male,19,0,0,10.5,S
213,No,3,Male,22,0,0,7.25,S
182,No,2,Male,,0,0,15.05,C
521,Yes,1,Female,30,0,0,93.5,S
268,Yes,3,Male,25,1,0,7.775,S
129,Yes,3,Female,,1,1,22.3583,C
534,Yes,3,Female,,0,2,22.3583,C
681,No,3,Female,,0,0,8.1375,Q
101,No,3,Female,28,0,0,7.8958,S
878,No,3,Male,19,0,0,7.8958,S
102,No,3,Male,,0,0,7.8958,S
443,No,3,Male,25,1,0,7.775,S
808,No,3,Female,18,0,0,7.775,S
450,Yes,1,Male,52,0,0,30.5,S
428,Yes,2,Female,19,0,0,26,S
430,Yes,3,Male,32,0,0,8.05,S
191,Yes,2,Female,32,0,0,13,S
385,No,3,Male,,0,0,7.8958,S
801,No,2,Male,34,0,0,13,S
111,No,1,Male,47,0,0,52,S
880,Yes,1,Female,56,0,1,83.1583,C
531,Yes,2,Female,2,1,1,26,S
507,Yes,2,Female,33,0,2,26,S
657,No,3,Male,,0,0,7.8958,S
860,No,3,Male,,0,0,7.2292,C
251,No,3,Male,,0,0,7.25,S
266,No,2,Male,36,0,0,10.5,S
109,No,3,Male,38,0,0,7.8958,S
477,No,2,Male,34,1,0,21,S
727,Yes,2,Female,30,3,0,21,S
823,No,1,Male,38,0,0,0,S
444,Yes,2,Female,28,0,0,13,S
172,No,3,Male,4,4,1,29.125,Q
279,No,3,Male,7,4,1,29.125,Q
17,No,3,Male,2,4,1,29.125,Q
788,No,3,Male,8,4,1,29.125,Q
886,No,3,Female,39,0,5,29.125,Q
136,No,2,Male,23,0,0,15.0458,C
832,Yes,2,Male,0.83,1,1,18.75,S
408,Yes,2,Male,3,1,1,18.75,S
438,Yes,2,Female,24,2,3,18.75,S
527,Yes,2,Female,50,0,0,10.5,S
374,No,1,Male,22,0,0,135.6333,C
591,No,3,Male,35,0,0,7.125,S
539,No,3,Male,,0,0,14.5,S
558,No,1,Male,,0,0,227.525,C
780,Yes,1,Female,43,0,1,211.3375,S
133,No,3,Female,47,1,0,14.5,S
868,No,1,Male,31,0,0,50.4958,S
46,No,3,Male,,0,0,8.05,S
188,Yes,1,Male,45,0,0,26.55,S
668,No,3,Male,,0,0,7.775,S
186,No,1,Male,,0,0,50,S
425,No,3,Male,18,1,1,20.2125,S
255,No,3,Female,41,0,2,20.2125,S
584,No,1,Male,36,0,0,40.125,C
760,Yes,1,Female,33,0,0,86.5,S
514,Yes,1,Female,54,1,0,59.4,C
483,No,3,Male,50,0,0,8.05,S
57,Yes,2,Female,21,0,0,10.5,S
575,No,3,Male,16,0,0,8.05,S
518,No,3,Male,,0,0,24.15,Q
312,Yes,1,Female,18,2,2,262.375,C
743,Yes,1,Female,21,2,2,262.375,C
833,No,3,Male,,0,0,7.2292,C
694,No,3,Male,25,0,0,7.225,C
299,Yes,1,Male,,0,0,30.5,S
389,No,3,Male,,0,0,7.7292,Q
160,No,3,Male,,8,2,69.55,S
181,No,3,Female,,8,2,69.55,S
864,No,3,Female,,8,2,69.55,S
793,No,3,Female,,8,2,69.55,S
847,No,3,Male,,8,2,69.55,S
202,No,3,Male,,8,2,69.55,S
325,No,3,Male,,8,2,69.55,S
642,Yes,1,Female,24,0,0,69.3,C
107,Yes,3,Female,21,0,0,7.65,S
529,No,3,Male,39,0,0,7.925,S
49,No,3,Male,,2,0,21.6792,C
11,Yes,3,Female,4,1,1,16.7,S
395,Yes,3,Female,24,0,2,16.7,S
13,No,3,Male,20,0,0,8.05,S
677,No,3,Male,24.5,0,0,8.05,S
469,No,3,Male,,0,0,7.725,Q
411,No,3,Male,,0,0,7.8958,S
344,No,2,Male,25,0,0,13,S
843,Yes,1,Female,30,0,0,31,C
448,Yes,1,Male,34,0,0,26.55,S
552,No,2,Male,27,0,0,26,S
82,Yes,3,Male,29,0,0,9.5,S
498,No,3,Male,,0,0,15.1,S
881,Yes,2,Female,25,0,1,26,S
96,No,3,Male,,0,0,8.05,S
610,Yes,1,Female,40,0,0,153.4625,S
418,Yes,2,Female,18,0,2,13,S
702,Yes,1,Male,35,0,0,26.2875,S
435,No,1,Male,50,1,0,55.9,S
578,Yes,1,Female,39,1,0,55.9,S
564,No,3,Male,,0,0,8.05,S
648,Yes,1,Male,56,0,0,35.5,C
748,Yes,2,Female,30,0,0,13,S
61,No,3,Male,22,0,0,7.2292,C
838,No,3,Male,,0,0,8.05,S
562,No,3,Male,40,0,0,7.8958,S
174,No,3,Male,21,0,0,7.925,S
787,Yes,3,Female,18,0,0,7.4958,S
233,No,2,Male,59,0,0,13.5,S
64,No,3,Male,4,3,2,27.9,S
820,No,3,Male,10,3,2,27.9,S
635,No,3,Female,9,3,2,27.9,S
643,No,3,Female,2,3,2,27.9,S
361,No,3,Male,40,1,4,27.9,S
168,No,3,Female,45,1,4,27.9,S
602,No,3,Male,,0,0,7.8958,S
323,Yes,2,Female,30,0,0,12.35,Q
813,No,2,Male,35,0,0,10.5,S
88,No,3,Male,,0,0,8.05,S
24,Yes,1,Male,28,0,0,35.5,S
468,No,1,Male,56,0,0,26.55,S
159,No,3,Male,,0,0,8.6625,S
347,Yes,2,Female,40,0,0,13,S
175,No,1,Male,56,0,0,30.6958,C
285,No,1,Male,,0,0,26,S
261,No,3,Male,,0,0,7.75,Q
135,No,2,Male,25,0,0,13,S
716,No,3,Male,19,0,0,7.65,S
489,No,3,Male,30,0,0,8.05,S
320,Yes,1,Female,40,1,1,134.5,C
32,Yes,1,Female,,1,0,146.5208,C
633,Yes,1,Male,32,0,0,30.5,C
77,No,3,Male,,0,0,7.8958,S
286,No,3,Male,33,0,0,8.6625,C
650,Yes,3,Female,23,0,0,7.55,S
495,No,3,Male,21,0,0,8.05,S
253,No,1,Male,62,0,0,26.55,S
592,Yes,1,Female,52,1,0,78.2667,C
65,No,1,Male,,0,0,27.7208,C
830,Yes,1,Female,62,0,0,80,
567,No,3,Male,19,0,0,7.8958,S
475,No,3,Female,22,0,0,9.8375,S
745,Yes,3,Male,31,0,0,7.925,S
206,No,3,Female,2,0,1,10.4625,S
252,No,3,Female,29,1,1,10.4625,S
221,Yes,3,Male,16,0,0,8.05,S
415,Yes,3,Male,44,0,0,7.925,S
885,No,3,Male,25,0,0,7.05,S
626,No,1,Male,61,0,0,32.3208,S
852,No,3,Male,74,0,0,7.775,S
500,No,3,Male,24,0,0,7.7958,S
863,Yes,1,Female,48,0,0,25.9292,S
586,Yes,1,Female,18,0,2,79.65,S
263,No,1,Male,52,1,1,79.65,S
559,Yes,1,Female,39,1,1,79.65,S
713,Yes,1,Male,48,1,0,52,S
670,Yes,1,Female,,1,0,52,S
699,No,1,Male,49,1,1,110.8833,C
551,Yes,1,Male,17,0,2,110.8833,C
582,Yes,1,Female,39,1,1,110.8833,C
759,No,3,Male,34,0,0,8.05,S
804,Yes,3,Male,0.42,0,1,8.5167,C
257,Yes,1,Female,,0,0,79.2,C
640,No,3,Male,,1,0,16.1,S
432,Yes,3,Female,,1,0,16.1,S
383,No,3,Male,32,0,0,7.925,S
777,No,3,Male,,0,0,7.75,Q
30,No,3,Male,,0,0,7.8958,S
815,No,3,Male,30.5,0,0,8.05,S
459,Yes,2,Female,50,0,0,10.5,S
604,No,3,Male,44,0,0,8.05,S
272,Yes,3,Male,25,0,0,0,S
532,No,3,Male,,0,0,7.2292,C
256,Yes,3,Female,29,0,2,15.2458,C
735,No,2,Male,23,0,0,13,S
400,Yes,2,Female,28,0,0,12.65,S
718,Yes,2,Female,27,0,0,10.5,S
190,No,3,Male,36,0,0,7.8958,S
678,Yes,3,Female,18,0,0,9.8417,S
484,Yes,3,Female,63,0,0,9.5875,S
118,No,2,Male,29,1,0,21,S
42,No,2,Female,27,1,0,21,S
31,No,1,Male,40,0,0,27.7208,C
154,No,3,Male,40.5,0,2,14.5,S
171,No,1,Male,61,0,0,33.5,S
420,No,3,Female,10,0,2,24.15,S
596,No,3,Male,36,1,1,24.15,S
800,No,3,Female,30,1,1,24.15,S
869,No,3,Male,,0,0,9.5,S
753,No,3,Male,33,0,0,9.5,S
201,No,3,Male,28,0,0,9.5,S
356,No,3,Male,28,0,0,9.5,S
874,No,3,Male,47,0,0,9,S
39,No,3,Female,18,2,0,18,S
334,No,3,Male,16,2,0,18,S
19,No,3,Female,31,1,0,18,S
15,No,3,Female,14,0,0,7.8542,S
522,No,3,Male,22,0,0,7.8958,S
81,No,3,Male,22,0,0,9,S
516,No,1,Male,47,0,0,34.0208,S
259,Yes,1,Female,35,0,0,512.3292,C
367,Yes,1,Female,60,1,0,75.25,C
675,No,2,Male,,0,0,0,S
162,Yes,2,Female,40,0,0,15.75,S
124,Yes,2,Female,32.5,0,0,13,S
512,No,3,Male,,0,0,8.05,S
695,No,1,Male,60,0,0,26.55,S
134,Yes,2,Female,29,1,0,26,S
751,Yes,2,Female,4,1,1,23,S
59,Yes,2,Female,5,1,2,27.75,S
451,No,2,Male,36,1,2,27.75,S
473,Yes,2,Female,33,1,2,27.75,S
34,No,2,Male,66,0,0,10.5,S
125,No,1,Male,54,0,1,77.2875,S
103,No,1,Male,21,0,1,77.2875,S
319,Yes,1,Female,31,0,2,164.8667,S
857,Yes,1,Female,45,1,1,164.8667,S
407,No,3,Male,51,0,0,7.75,S
378,No,1,Male,27,0,2,211.5,C
372,No,3,Male,18,1,0,6.4958,S
674,Yes,2,Male,31,0,0,13,S
649,No,3,Male,,0,0,7.55,S
156,No,1,Male,51,0,1,61.3792,C
18,Yes,2,Male,,0,0,13,S
305,No,3,Male,,0,0,8.05,S
736,No,3,Male,28.5,0,0,16.1,S
352,No,1,Male,,0,0,35,S
492,No,3,Male,21,0,0,7.25,S
426,No,3,Male,,0,0,7.25,S
56,Yes,1,Male,,0,0,35.5,S
556,No,1,Male,62,0,0,26.55,S
621,No,3,Male,27,1,0,14.4542,C
831,Yes,3,Female,15,1,0,14.4542,C
326,Yes,1,Female,36,0,0,135.6333,C
204,No,3,Male,45.5,0,0,7.225,C
355,No,3,Male,,0,0,7.225,C
496,No,3,Male,,0,0,14.4583,C
200,No,2,Female,24,0,0,13,S
112,No,3,Female,14.5,1,0,14.4542,C
241,No,3,Female,,1,0,14.4542,C
423,No,3,Male,29,0,0,7.875,S
